image_id,crop_top,crop_left,crop_height,crop_width,crop_policy,crop_version
3195MH0007690011102681E01_DXXX,200,450,900,900,manual_wheel_geometry_tight,real_wheel_crop_v2_1
3195MH0007690011102685E01_DXXX,175,425,900,900,manual_wheel_geometry_tight,real_wheel_crop_v2_1
3195MH0007700011102686E01_DXXX,75,325,1125,1125,manual_wheel_geometry_tight,real_wheel_crop_v2_1
3195MH0007690011102693E01_DXXX,175,450,900,900,manual_wheel_geometry_tight,real_wheel_crop_v2_1
3195MH0007720011102696E01_DXXX,225,550,950,950,manual_wheel_geometry_tight,real_wheel_crop_v2_1
3195MH0007700011102690E01_DXXX,25,350,1150,1150,manual_wheel_geometry_tight,real_wheel_crop_v2_1
3195MH0007710011102695E01_DXXX,225,475,900,900,manual_wheel_geometry_tight,real_wheel_crop_v2_1
3195MH0007710011102687E01_DXXX,250,500,950,950,manual_wheel_geometry_tight,real_wheel_crop_v2_1
3195MH0007700011102682E01_DXXX,25,300,1125,1125,manual_wheel_geometry_tight,real_wheel_crop_v2_1
3195MH0007700011102694E01_DXXX,75,300,1125,1125,manual_wheel_geometry_tight,real_wheel_crop_v2_1
2822MH0007720011003132E01_DXXX,225,500,950,950,manual_wheel_geometry_tight,real_wheel_crop_v2_1
2822MH0007690011003133E01_DXXX,150,325,1000,1000,manual_wheel_geometry_tight,real_wheel_crop_v2_1
2822MH0007700011003130E01_DXXX,0,300,1150,1150,manual_wheel_geometry_tight,real_wheel_crop_v2_1
2822MH0007710011003131E01_DXXX,225,500,950,950,manual_wheel_geometry_tight,real_wheel_crop_v2_1
3079MH0007720011101436E01_DXXX,250,575,950,950,manual_wheel_geometry_tight,real_wheel_crop_v2_1
3079MH0007700011101430E01_DXXX,0,225,1150,1150,manual_wheel_geometry_tight,real_wheel_crop_v2_1
4312MH0007720011503712E01_DXXX,225,550,950,950,manual_wheel_geometry_tight,real_wheel_crop_v2_1
4312MH0007690011503713E01_DXXX,175,400,950,950,manual_wheel_geometry_tight,real_wheel_crop_v2_1
4312MH0007700011503706E01_DXXX,0,250,1150,1150,manual_wheel_geometry_tight,real_wheel_crop_v2_1
4312MH0007720011503716E01_DXXX,225,550,950,950,manual_wheel_geometry_tight,real_wheel_crop_v2_1
